Customer message,Our response,,
How to write a popular copy for lululemon and post it on instagram?,"Over the course of six days of running, theirFURTHER was found in joy, pain, love, fear, WorldRecords, teamwork,and 2880+ collective miles.
Thanks to each and every one of you that cheeredfor them from afar.lf we've learned anything, it's thaiFURTHER is a team sport.
#lululemonFURTHER",,
How to write a popular copy for lululemon and post it on instagram?,"The miles don't matter now, l only care aboutmy teammates and that we got to do this together..@vrikokwok
Yesterday Vriko ran 100 miles. A year ago, she hadn't run1K continuously. How did Vriko go FURTHER? With herteammates by her side.Swipe to relive a once-in-a-lifetime
#lululemonFURTHER",,
How to write a popular copy for lululemon and post it on instagram?,Less than 24hrs remaining of FURTHER. Let's send our athletes enough positive energy to fuel them althe way to the finish.The comments section is nowopen. Give us your best.#lululemonFURTHER,,
How to write a popular copy for lululemon and post it on instagram?,"“lt's just running. lt's more than running.” KaylaJeter is 5 days into FURTHER-a 6-day ultramarathonthat's testing the limits of 10 trailblazing women.Collectively they've covered over 2400 miles, breakingrecords and personal bests along the way.
For Kayla, it goes beyond distance. Yes, she's alreadysurpassed her furthest 4 times over. But the real progresshas been in rallying behind her FURTHER teammates andliving into her purpose of diversifying the sport. Less than24 hours to go-keep those kudos coming.
Follow Kayla's #lululemonFURTHER journey on Strava byclickina the link on their bio.",,
I want to write a popular copy for coca-cola and post it on instagram. Please tell me how to write it.,The irresistible taste of Coke Zero Sugarneirresistible urge to scream for your team.,,
I want to write a popular copy for coca-cola and post it on instagram. Please tell me how to write it.,Try this at home.The Coca-Cola not the leapingacross coastal rocks.,,
I want to write a popular copy for coca-cola and post it on instagram. Please tell me how to write it.,"We don't care which flavor is in your hand, asong it's ice-cold, we're in.",, 
Dior has launched a new product. We need to write a popular copy and publish it on instagram. Please tell me how to write it.,"Under the guidance of the Creative Director of Dior'swomen's collections, this anthology interlaces pivotal textsfrom fashion historians with a deep dive into the artistrybehind the House's scarves since 1947. Among itscharming highlights is the transformation of the Parisscarf, from Monsieur Dior's 1950s Turgot map-inspiredpiece to @MariaGraziaChiuri's vision for the #DiorSS23collection, beautifully encapsulating the sentiment,'Muchmore than a formal detail, a dash of color or pattern, thosesilk squares actually concentrate a certain idea of creation'@ @BrigitteNiedermairStudio",,
Dior has launched a new product. We need to write a popular copy and publish it on instagram. Please tell me how to write it.,"A singular heritage gracefully unfurls in an exquisitelycurated atlas of 425 scarves, each themed and adornedwith @BrigitteNiedermairStudio's spellbinding imagery.More than a mere feast for the eyes, this vibrant repertoireinvigorates the true sagas of fashion, featuring illustrationsthat traverse the spectrum of artistic innovation.© @BrigitteNiedermairStudio",,
Dior has launched a new product. We need to write a popular copy and publish it on instagram. Please tell me how to write it.,"Discover a rich conversation led by@MariaGraziaChiuri on the legacy of scarves within theHouse, culminating in the inspiration for the 'Dior ScarvesFashion Stories' book edited by @LaFrisa. As a.quintessential finishing touch, this delicate wardrobe piecestands out with imaginative prints by @PietroRuffoArtistand masterful savoir-faire, one that bridges the past andpresent. Find this thorough volume published by@ThamesAndHudson in bookstores now and dive into the
full video soon on our YouTube channel.
G Video:@MelindaTriana
Photo:@BrigitteNiedermairStudio",,
Dior has launched a new product. We need to write a popular copy and publish it on instagram. Please tell me how to write it.,"Art and fashion collided in a lively tableau at the#DiorxBrooklynMuseum's Artists Ball, celebratinginfluential artist Titus Kaphar and a thriving community ofcreatives.The #StarsinDior showed up in support, fitted indesigns by @MariaGraziaChiuri, with the Creative Directorof Dior's women's collections in attendance herself. Setagainst breathtaking decor from @DiorMaison, the eveningwas capped off by a performance from @LittleSimz,marking the defining crescendo of this iconic celebrationdedicated to nurturing artistic creativity.
© Photo: Myesha Evon Gardner
Music: Gorilla by little Simz",,
Dior has launched a new product. We need to write a popular copy and publish it on instagram. Please tell me how to write it.,"Under the luminous lights of a grand stage.@LittleSimz cast a spell over the #DiorxBrooklynMuseum'sArtists Ball with her sensational performance dressed in a#DiorFall24 ensemble by @MariaGraziaChiuri. Swipe to seethe moments that made the night at the@BrooklynMuseum truly exceptional.
#DiorBAB2023
© Myesha Evon Gardner",,
How does dove shampoo post popular content on social media? Please write me a post.,The Beauty Bar blimp is back for another milestoneThank you to all who have helped us change beautyover the past 20 years and beyond,,
How does dove shampoo post popular content on social media? Please write me a post.,"CW: All images generated for this film are actualresults from an Al tool.*
Imagine a world where beauty was a source of confidencenot anxietyArtificial Beauty pressures 1 in 3 women toalter their appearance.
To celebrate 20 years of changing beauty, we're renewingour vows to Real Beauty and committing to never use Al tccreate or distort people.
Together, let's #KeepBeautyReal + Read more atDove.com
Song performed by @victoriacanal
*Artificial Intelligence has been used in this advertising/filmfor the sole purpose of showing beauty bias in generativeAl tools.
#Dove #LetsChangeBeauty #BeautyStandards #AlBeauti",,
How does dove shampoo post popular content on social media? Please write me a post.,"Take your self-care seriously with our newVitaminCare+ Deodorant-just like #DovePartner@withambernicole
Formulated with vitamin B3 (a.k.a niacinamide)'y Helps restore skin barrier for healthier-feelingunderarmsKeeps you fresh allll day-even when you exercise
#Dove #Deodorant #DeodorantStick#AluminumFree#AluminumFreeDeodorant #VitaminB3
#ProductRecommendation#NewProduct#DoveVitaminDeo
",,
How does dove shampoo post popular content on social media? Please write me a post.,"Searching for a scalp serum that helps your hair lookthicker? Here's why you'll love our Scalp + Hair Therapyullness Restore Scalp Serum
1. lt's infused with skin care ingredients, like vitamin B3,vitamin E, zinc and peptides, to restore your scalp and carefor your hair
2. lt leaves hair looking thicker, stronger and fuller fromroot to tip (with regular use)
3. lt's the perfect excuse to treat yourself to a scalpmassage
Click the link in bio to shop ..
#Dove#ScalpCare #ScalpMassage#VitaminB3 #HairCare#ScalpSerum #HairGoals",,
How does dove shampoo post popular content on social media? Please write me a post.,"#DovePartner @claytonhawkins and his husband arefans of our Scalp + Hair Therapy Fullness Restore ScalpSerum -and we think you will be too
Want visibly thicker, stronger, fuller hair in 30 days? Shopvia the link in bio s
#Dove#ScalpSerum#LongLiveScalp #NewProduct#ThickerHair #HairCare",,
How does dove shampoo post popular content on social media? Please write me a post.,"What happens when skin care ingredients meet haircare? You get thicker, stronger,,fuller-looking hair with ourScalp + Hair Therapy collection
Click the link in bio to add it to your basket ..
#Dove#ScalpCare #HairRoutine #HairCare #Hail",,
"As a skin care product, how does Fresh publish popular content on social media (such as Instagram)?","Step inside the jar of our new & improvedBlack Tea Eye Cream:BT MatrixTM offers retinol-like strength to reducewrinkles & improve firmnessVitamin C brightens the look of dark circlesWild ginger extract reduces visible dark circles & eye
Ceramide NP strengthens the skin's barrier
Available now on fresh.com @juanskindiary",,
"As a skin care product, how does Fresh publish popular content on social media (such as Instagram)?","Tint and treat your lips this winter with aSugar Lip Treatment, available in 12 shades & designed todeliver 24 hour hydration.:@cindy_clauds",,
"As a skin care product, how does Fresh publish popular content on social media (such as Instagram)?","""My favorite! l love how soft my skin feels after using thisClean and fresh! Love it!""
-Lynn413, fresh.com review
Tap to shop the cleanser with over 4.000+ 5-star reviews",,
"As a skin care product, how does Fresh publish popular content on social media (such as Instagram)?","Brighten, firm, and smooth your under eyes injust one step with our newly reformulated Black Tea EyeCream.",,
"As a skin care product, how does Fresh publish popular content on social media (such as Instagram)?","This month, we're spotlighting the locations around theworld where we source our most-loved products. First up:Super Lotus in Alabama, USA.",,
"As a skin care product, how does Fresh publish popular content on social media (such as Instagram)?","Drench your skin in Soy Face Cleanser, whichincreases skin's hydration by 10%(even after you rinse).4 Shop now at the Sephora Savings Event, through 4/15",,
"Skims has launched a new product, how to publish copy on Instagram?",JUST RESTOCKED: THE ULTIMATE NIPPLE BRA. The bra that broke the internet is back! Shop the Ultimate Nipple Bra while you can!,,
"Skims has launched a new product, how to publish copy on Instagram?",The t-shirt we can’t keep in stock.,,
"Skims has launched a new product, how to publish copy on Instagram?",The perfect fit and feel – see why our Cotton Jersey tee is our best t-shirt ever.,,
"Skims has launched a new product, how to publish copy on Instagram?",This week’s most-wanted: the Cotton Jersey tee you’ll wear everyday and want in every color.,,
"Skims has launched a new product, how to publish copy on Instagram?","Your new go-to tees are here. Worn In Jersey features a soft, perfectly lived-in fabric – now available in two styles and four colors.",,
"Skims has launched a new product, how to publish copy on Instagram?",Stand out in Cyan: spring’s boldest blue is here in new Modal French Terry hoodies and Waffle boxers you’ll have in heavy rotation.,,
"Skims has launched a new product, how to publish copy on Instagram?","A must-have flared pant made of a super soft, lightweight terry with the perfect drapey fit. Shop Modal French Terry.",,
"Skims has launched a new product, how to publish copy on Instagram?","3 collections, 10 styles, so many ways to refresh your set for spring.",,
"Skims has launched a new product, how to publish copy on Instagram?",Lounging is better with Boyfriend. Shop a new classic tank in the soft jersey fabric you and yours love.,,
How does Nike publish popular content on social media (such as Instagram)? Please write me a post.,Win on Air. __,,
How does Nike publish popular content on social media (such as Instagram)? Please write me a post.,"Engineered to the exact specifications of championship athletes, Nike Air absorbs impact and shifts energy back into performance—from the track to the pitch to the court.",,
How does Nike publish popular content on social media (such as Instagram)? Please write me a post.,ntroducing Bode Rec. and Nike.,,
How does Nike publish popular content on social media (such as Instagram)? Please write me a post.,The partnership explores the evolution of athletic wear and character-building through the lens of American institutional sports and competition.,,
How does Nike publish popular content on social media (such as Instagram)? Please write me a post.,"The campaign incorporates historic photographs taken by Nike’s first employee, Jeff Johnson, as well as personal images of Emily’s father, Bruce, who was defensive tackle for his high school football team in Massachusetts.",,
How does Nike publish popular content on social media (such as Instagram)? Please write me a post.,The unisex Bode Rec. and Nike collection launches April 18 on bode.com and May 1 on SNKRS.,,
"How does Converse, as a shoe and hat brand, publish popular content on social media (such as Instagram)?",The Converse x @martineali Chuck 70 XXHi + apparel collection.,,
"How does Converse, as a shoe and hat brand, publish popular content on social media (such as Instagram)?",Y2K-inspired knee-high style,,
"How does Converse, as a shoe and hat brand, publish popular content on social media (such as Instagram)?",Top to bottom metal hardware,,
"How does Converse, as a shoe and hat brand, publish popular content on social media (such as Instagram)?",Bold and convertible styling,,
"How does Converse, as a shoe and hat brand, publish popular content on social media (such as Instagram)?",Available March 21 Converse.com.,,
"How does Adidas, as a clothing brand, publish popular content on social media (such as Instagram)? Please write me a post.","Started in sports, made their way into culture. Samba. ",,
"How does Adidas, as a clothing brand, publish popular content on social media (such as Instagram)? Please write me a post.",Back in black. The CLOT Superstar by Edison Chen available on April 12th.,,
"How does Adidas, as a clothing brand, publish popular content on social media (such as Instagram)? Please write me a post.",Styled a thousand ways. __ Gazelle. Samba. Spezial. ,,
"How does Adidas, as a clothing brand, publish popular content on social media (such as Instagram)? Please write me a post.",Available on adidas.com and at select stores.,,
"How does Adidas, as a clothing brand, publish popular content on social media (such as Instagram)? Please write me a post.",Gazelle. Samba. Spezial. ,,
"How does Adidas, as a clothing brand, publish popular content on social media (such as Instagram)? Please write me a post.",Born in sports. Made their way into the heartbeat of culture.,,
"How does Adidas, as a clothing brand, publish popular content on social media (such as Instagram)? Please write me a post.","Once a classic, always a classic. __",,
"How does Adidas, as a clothing brand, publish popular content on social media (such as Instagram)? Please write me a post.",Available on adidas.com and at select stores.,,
"How does Adidas, as a clothing brand, publish popular content on social media (such as Instagram)? Please write me a post.",_#adidasGazelle #adidasSamba #adidasSpezial,,
"How does Adidas, as a clothing brand, publish popular content on social media (such as Instagram)? Please write me a post.","Stepping into the 2000s! From one era to the next, let’s make our mark just like the legends before us, laced up in the reissued OG 2000’s runners.",,
"How does Adidas, as a clothing brand, publish popular content on social media (such as Instagram)? Please write me a post.",Available on adidas.com and at select stores.,,
"How does Adidas, as a clothing brand, publish popular content on social media (such as Instagram)? Please write me a post.","Retro feels, legendary flair.",,
"How does Adidas, as a clothing brand, publish popular content on social media (such as Instagram)? Please write me a post.","Dive into nostalgia with the new adidas Originals x @sportyandrich drop. Available on CONFIRMED, adidas.com, and at select stores.",,
"How does Adidas, as a clothing brand, publish popular content on social media (such as Instagram)? Please write me a post.",Find your sound. Make it yours. Mix it up and keep the #adidasRivalry going.,,
How does Nintendo post popular content on social media? Please write me a post.,"Make way for the wicked Grape! Grape and her dastardly group, the Sour Bunch, have set the stage for the ultimate tragedy. Are you ready to help Princess Peach save the day in #PrincessPeachShowtime?",,
How does Nintendo post popular content on social media? Please write me a post.,"Make way for the wicked Grape! Grape and her dastardly group, the Sour Bunch, have set the stage for the ultimate tragedy. Are you ready to help Princess Peach save the day in #PrincessPeachShowtime?",,
How does Nintendo post popular content on social media? Please write me a post.,"Immerse yourself in the sights and sounds of #EndlessOceanLuminous, available
May 2, only on #NintendoSwitch.",,
How does Nintendo post popular content on social media? Please write me a post.,Rogueport is where the story of #PaperMarioTheThousandYearDoor begins to unfold. Join Mario in this epic paper-adventure coming to #NintendoSwitch on May 23.,,
How does Nintendo post popular content on social media? Please write me a post.,SOUND ON to sing along with the Talking Flowers during this “Coins Galore” playthrough. #SuperMarioBrosWonder,,
How does Nintendo post popular content on social media? Please write me a post.,Treat yourself to something sweet and celebrate #PrincessPeachShowtime at your local Kung Fu Tea_ @kungfuteausa,,
How does Nintendo post popular content on social media? Please write me a post.,Let’s give a standing ovation to the people who leave a standee in online play! #SuperMarioBrosWonder,,
How does Nintendo post popular content on social media? Please write me a post.,"Our story begins an awfully long time ago in a strange and far-off land…Experience the grand adventure and thrilling battles when
#PaperMarioTheThousandYearDoor launches on 5/23, only on #NintendoSwitch. Pre-order now!",,
How does Nintendo post popular content on social media? Please write me a post.,Curtains up! Round of applause to all the fans who attended the #PrincessPeachShowtime game launch at @nintendonyc!,,
How does Nintendo post popular content on social media? Please write me a post.,"Places everyone… It’s showtime! _
Take back the Sparkle Theater from Grape and the Sour Bunch in #PrincessPeachShowtime, available now on #NintendoSwitch!",,
How does Nintendo post popular content on social media? Please write me a post.,Happy #Mar10Day! We’re celebrating with a highlight on #SuperMarioBrosWonder. What’s your go-to power-up?,,
How does Nintendo post popular content on social media? Please write me a post.,Wahoo! Nintendo and Illumination are excited to announce production on a new film in continuation of our partnership. Watch to learn more.,,
How does Nintendo post popular content on social media? Please write me a post.,Perfect 10! Figure Skater Peach skates onto the stage in two weeks! #PrincessPeachShowtime,,
How does Nintendo post popular content on social media? Please write me a post.,Mario and Donkey Kong go head-to-head in #MariovsDonkeyKong! (It is the name of the game after all!),,
How does Nintendo post popular content on social media? Please write me a post.,Power up your wardrobe with the #mynintendo BlackMilk X Super Mario - Princess Peach Sweepstakes! Enter now for a chance to win a pink and powerful clothing collection that will make any Princess Peach fan jump for joy.,,
How does Nintendo post popular content on social media? Please write me a post.,Even Pokémon trainers need to rest up once in a while. How are you relaxing this weekend? #PokemonScarletViolet,,
How does Nintendo post popular content on social media? Please write me a post.,"Side Order, wave 2 of the #Splatoon3: Expansion Pass, is available now! Become Agent 8 and explore the Spire of Order in an all new single player experience that's designed to be replayed over and over!",,
How does Nintendo post popular content on social media? Please write me a post.,"The #Splatoon3 Splatfest in-game event kicks off today at 4pm PT!
Play matches online and help answer the question: What's the best day of the weekend?",,
How does Nintendo post popular content on social media? Please write me a post.,"Test your reflexes and wit against enemies, obstacles, challenging puzzles, ANNNNND moooore in #MariovsDonkeyKong, available now on #NintendoSwitch!",,
How does Electronic Arts post popular content on instagram?,"Jump into the official Gameplay Trailer for Tales of Kenzera: ZAU!
Learn more about Zau’s unique cosmic combat abilities and the powerful spirits across Kenzera that await you on April 23rd!",,
How does Electronic Arts post popular content on instagram?,"This is Thedas. Enjoy it while it lasts. __
We're celebrating #DragonAgeDay with a look at the world of #Dreadwolf!",,
How does Electronic Arts post popular content on instagram?,"A Major update to #UFC5__ Over 30+ new fighters will be added to the game over the next 3 months __.
Swipe to see when some will be added ",,
How does Electronic Arts post popular content on instagram?,Zau must defeat three Great Spirits in exchange for his Baba’s return. Learn more about these spirits before going head-to-head with them! #ZauTheGame,,
How does Electronic Arts post popular content on instagram?,Every story begins at the end of another. Get to know some of the characters from Tales of Kenzera: ZAU! #ZauTheGame,,
How does Electronic Arts post popular content on instagram?,You’re not playing the Tales of Kenzera: ZAU demo right now? You should be and @neilnewbon will tell you why __ #ZauTheGame #SteamNextFest,,
How does Electronic Arts post popular content on instagram?,You’re not playing the Tales of Kenzera: ZAU demo right now? You should be and @neilnewbon will tell you why __ #ZauTheGame #SteamNextFest,,
How does Electronic Arts post popular content on instagram?,"Big things have arrived in Aveum. __
New Echollector update for #ImmortalsOfAveum is LIVE complete with New Game+, ""Grand Magnus"" difficulty mode, and new endgame objectives.
Start your free trial on PS5 and Xbox Series X|S, or try the PC demo on Steam TODAY! Link in bio.",,
How does Electronic Arts post popular content on instagram?,"Available worldwide Oct 27th __From unrivaled Frostbite graphics to all-new damage systems, @easportsufc is as real as it gets",,
How does Electronic Arts post popular content on instagram?,Sigils up! @darrenbarnet - who plays Jak in #ImmortalsOfAveum - has a message for those of you about to join the Everwar! __,,
How does Electronic Arts post popular content on instagram?,"Shots from #NHL24 Community Day __
Thanks to everyone who came out to @EA Vancouver!
Stay tuned for more NHL 24 news coming soon __",,
How does Electronic Arts post popular content on instagram?,"Jak was supposed to destroy the Binding Stone. But he had other ideas.
In this NEW cinematic from #ImmortalsOfAveum, he’ll have to convince General Kirkan he made the right choice. Pre-order now at the link in bio.",,
How does Electronic Arts post popular content on instagram?,"Happy #SuperMegaBaseball4 Opening Day to all of you but especially @davidortiz and @joeybats19 — best of luck with Longballo, boys.",,
How does Electronic Arts post popular content on instagram?,Trust only in the Force. Reviews for #StarWarsJediSurvivor are in! Get ready to experience this new adventure for yourself on April 28th.,,
How does Electronic Arts post popular content on instagram?,"ONE WEEK remains until #StarWarsJediSurvivor launches on April 28! Have you pre-ordered yet?
Pre-order any edition now to receive the Obi-Wan Kenobi inspired ""Jedi Survival"" Cosmetic Pack! Link in bio.",,
How does Electronic Arts post popular content on instagram?,We love to see it __ Thanks to all our players for another wonderful year __,,
How does Electronic Arts post popular content on instagram?,"Two online gaming BFFs, Matt + Karmalaa, recently got to experience the ultimate online BFF achievement: meeting IRL! __ Watch the magical moment these online BFFs unite for the first time, embark on a once in a lifetime adventure together and play The Sims & It Takes Two ___",,
How does Electronic Arts post popular content on instagram?,"Majestic mountains __, pristine parks ___, and one legendary lab __
Our Playtesting lab in Vancouver, Canada is a sight to behold __
Get a sneak peek of it here: ea.com/playtesting/news/welcome-to-vancouver",,
How does Electronic Arts post popular content on instagram?,"Fall down seven times, stand up eight. __ #PlayWildHearts
Watch new gameplay footage of the fierce Golden Tempest against three resilient hunters on the WILD HEARTS YouTube channel! Link in bio.",,
"How does Konami Digital Entertainment, as a game account, publish popular content on social media (such as Instagram)? Please write me a post.","BOSS OF ALL BOSSES | Vamp
Another member of Dead Cell and deadly with a knife in hand. His extreme agility and mobility help him to dodge bullets. Aim for his weak point - if you can catch him.",,
"How does Konami Digital Entertainment, as a game account, publish popular content on social media (such as Instagram)? Please write me a post.","It's time to hit the pitch in #eFootball with @aniquiladoresteam _
Also available to use in #DreamTeam is club president, @juansguarnizo!
Play for FREE, now! ___",,
"How does Konami Digital Entertainment, as a game account, publish popular content on social media (such as Instagram)? Please write me a post.","Players residing in the United States and Mexico are eligible to participate in the #eLigaBBVAMX2024 by downloading #eFootball2024 and competing in the 1st classification challenge going on right NOW! ____
Earn your place among the finalists who will travel to Cancun, Mexico, to compete for the title of champion and cash prizes. __",,
"How does Konami Digital Entertainment, as a game account, publish popular content on social media (such as Instagram)? Please write me a post.","Contra: Operation Galuga is a modern reimagining of the 1988 NES classic.
Which throwback moment is your favorite?",,
"How does Konami Digital Entertainment, as a game account, publish popular content on social media (such as Instagram)? Please write me a post.",Play Felix the Cat now on PlayStation and Nintendo Switch!,,
"How does Konami Digital Entertainment, as a game account, publish popular content on social media (such as Instagram)? Please write me a post.","Felix the Cat is available NOW digitally on PlayStation and Nintendo Switch!
Relive two classic NES and GameBoy games with new quality-of-life enhancements. __",,
"How does Konami Digital Entertainment, as a game account, publish popular content on social media (such as Instagram)? Please write me a post.","Journey through new worlds in an epic quest! __
Don't forget your Magic Bag of Tricks! ____
Digital editions of Felix the Cat are available now on PlayStation and Nintendo Switch.",,
"How does Konami Digital Entertainment, as a game account, publish popular content on social media (such as Instagram)? Please write me a post.","Contra: Operation Galuga packs a serious punch in the weapons department! __
There's the Flame Weapon, Laser Beam, Crush Bombs and more. Can't go wrong with the Spreadshot and Homing Missile combo, but which weapon do you think is THE BEST? __
Reply with your pick! __",,
"How does Konami Digital Entertainment, as a game account, publish popular content on social media (such as Instagram)? Please write me a post.","There are plenty of (optional) Perks to power up with in #Contra: Operation Galuga. If you're struggling to avoid enemy attacks, HP Boost and HP Boost+ are recommended to increase your life meter.
#ContraOG is out now on consoles and PC!",,
"How does Konami Digital Entertainment, as a game account, publish popular content on social media (such as Instagram)? Please write me a post.","Open-world Vampire game V Rising collides with Castlevania!
Prepare for an epic showdown and face-off with the vampire hunter legend himself. __",,
"How does Konami Digital Entertainment, as a game account, publish popular content on social media (such as Instagram)? Please write me a post.","BOSS OF ALL BOSSES | Fortune
Also known as ""Lady Luck"", Fortune is the leader of Dead Cell. Her signature Rail Gun is never far away and can cause some serious damage.",,
"How does Konami Digital Entertainment, as a game account, publish popular content on social media (such as Instagram)? Please write me a post.","There's a rumble in the jungle, what #ContraOG hero are you taking to battle? ____
Bill Rizer
Lance Bean
Ariana
Lucia
Stanley
Probotector
Let us know in the comments below!",,
"How does Konami Digital Entertainment, as a game account, publish popular content on social media (such as Instagram)? Please write me a post.","We're gearing up to take on the alien threat with the launch of Contra: Operation Galuga, and our friends at @theyetee have these classic items to help! __
Find them now, available only in the Yeteemart!",,
"How does Konami Digital Entertainment, as a game account, publish popular content on social media (such as Instagram)? Please write me a post.","Skully's always got a bone to pick ____
Pick up Skelattack for 85% off during the Konami Spring Sale on Steam!",,
"How does Konami Digital Entertainment, as a game account, publish popular content on social media (such as Instagram)? Please write me a post.","Gabriel Belmont appreciation post __
Castlevania Lords of Shadow Ultimate Edition is on sale for 80% off for a limited time on Steam.",,
"How does Konami Digital Entertainment, as a game account, publish popular content on social media (such as Instagram)? Please write me a post.","10 years ago, METAL GEAR SOLID V: Ground Zeros was released on March 18, 2014.
What was the first thing you did when you infiltrated the prison compound? __",,
"How does Konami Digital Entertainment, as a game account, publish popular content on social media (such as Instagram)? Please write me a post.","CONTRA: RETROSPECTIVE __
A hardcover art book from
@udonent celebrating the legacy of the ultimate run 'n' gun franchise is in the works ____
Stay tuned for more details!",,
"How does Konami Digital Entertainment, as a game account, publish popular content on social media (such as Instagram)? Please write me a post.","Meet Felix & his bag of tricks! __

Digital pre-orders for Felix the Cat are available now for the Nintendo Switch!

__ Join Felix on his rescue quest! Available March 28",,
"How does Konami Digital Entertainment, as a game account, publish popular content on social media (such as Instagram)? Please write me a post.","The KONAMI Spring Sale is live now on STEAM! __
Spring to it, these deals won't be around for long!
Save on classic KONAMI titles like…",,